{
    "providers":
    [
        {"file":"bingus:font/mongdrip.png","chars":["\ue238"],"height":52,"ascent":33,"type":"bitmap"},
        {"file":"bingus:font/angy.png","chars":["\ue239"],"height":52,"ascent":33,"type":"bitmap"},
        {"file":"bingus:font/flushed.png","chars":["\ue240"],"height":52,"ascent":33,"type":"bitmap"},
        {"file":"bingus:font/hehe.png","chars":["\ue241"],"height":52,"ascent":33,"type":"bitmap"},
        {"file":"bingus:font/undertale.png","chars":["\ue242"],"height":52,"ascent":33,"type":"bitmap"},
        {"file":"bingus:font/grr.png","chars":["\ue243"],"height":52,"ascent":33,"type":"bitmap"},
        {"file":"bingus:font/meirl.png","chars":["\ue244"],"height":52,"ascent":33,"type":"bitmap"},
        {"file":"bingus:font/nerd.png","chars":["\ue245"],"height":52,"ascent":33,"type":"bitmap"},
        {"file":"bingus:font/meh.png","chars":["\ue246"],"height":52,"ascent":33,"type":"bitmap"},
        {"file":"bingus:font/burn.png","chars":["\ue247"],"height":52,"ascent":33,"type":"bitmap"},
        {"file":"bingus:font/wah.png","chars":["\ue248"],"height":52,"ascent":33,"type":"bitmap"},
        {"file":"bingus:font/huh.png","chars":["\ue249"],"height":52,"ascent":33,"type":"bitmap"},
        {"file":"bingus:font/nooo.png","chars":["\ue250"],"height":52,"ascent":33,"type":"bitmap"}
    
    ]

}